name,kind,status,on_map,lat,lon,location_precision,real_place,sources,notes
Province of Temiria,province,Province of the Kingdom of Orfalia (Governor General: TBA; 'The Crown'),label,37.568,-1.22,area label only - no seat named; see its duchies,"Enclaves in Spain, around Mazarrón and western Cartagena (Región de Murcia)","https://micronations.wiki/wiki/Kingdom_of_Orfalia_(Imvrassian_Realm) | https://micronations.wiki/wiki/Administrative_divisions_of_Imvrassia | https://micronations.wiki/wiki/Province_of_Temiria | https://www.google.com/maps/d/u/0/viewer?mid=19eTwmVm-Rd9_riUIaD-bpeVw8MSeQQ_P (""Location"" link in the Temiria infobox; KML 'Mapa de Temiria')","Page: 'composed of enclaves in Spain'; 3 duchies (Hermenepolis, Serralia, Flamvoria). Part of Imvrassia since 20 Apr 2026 (Golden Bull, as King of Tarevia). Claims the heritage of Timeria."
Duchy of Hermenepolis,duchy,Duchy of the Province of Temiria (Duke: TBA),yes,37.567,-1.178,approx. ±2 km (centre of the area drawn on the Temiria location map),"Near Perín, municipality of Cartagena, Región de Murcia, Spain","https://micronations.wiki/wiki/Province_of_Temiria | https://www.google.com/maps/d/u/0/viewer?mid=19eTwmVm-Rd9_riUIaD-bpeVw8MSeQQ_P (""Location"" link in the Temiria infobox; KML 'Mapa de Temiria') | https://micronations.wiki/wiki/Kingdom_of_Tarevia | OpenStreetMap Nominatim (geocode of the real place name)",Hermenepolis is also given as the capital of the former Kingdom of Tarevia. Point marker only; the source map's outline is not reproduced.
Duchy of Serralia,duchy,Duchy of the Province of Temiria (Duke: TBA),yes,37.569,-1.262,approx. ±2 km (centre of the area drawn on the Temiria location map),"Municipality of Mazarrón, Región de Murcia, Spain","https://micronations.wiki/wiki/Province_of_Temiria | https://www.google.com/maps/d/u/0/viewer?mid=19eTwmVm-Rd9_riUIaD-bpeVw8MSeQQ_P (""Location"" link in the Temiria infobox; KML 'Mapa de Temiria') | OpenStreetMap Nominatim (geocode of the real place name)",Point marker only; the source map's outline is not reproduced.
Duchy of Flamvoria,duchy,Duchy of the Province of Temiria (Duke: TBA),no,,,no location in any source,Not stated,https://micronations.wiki/wiki/Province_of_Temiria,Listed in the Temiria duchy table but absent from the Temiria location map - left off the map.
Province of Anvurna,province,Province of the Kingdom of Orfalia (Governor General: TBA; 'The Crown'),yes,37.557,-1.328,approx. - islet named by the source,"Isla Cueva de Lobos (islet off Moreras), municipality of Mazarrón, Región de Murcia, Spain",https://micronations.wiki/wiki/Kingdom_of_Orfalia_(Imvrassian_Realm) | https://micronations.wiki/wiki/Administrative_divisions_of_Imvrassia | https://micronations.wiki/wiki/Province_of_Anvurna | OpenStreetMap Nominatim (geocode of the real place name),Page: 'historical territories ... uninhabited ... on the Island of Cueva Lobos in the Mediterranean Sea'; District of Eleutsa 'located in the Cave of Wolves' (7 Nov 2020). Part of Imvrassia since 20 Apr 2026.
Province of Aglakea,province,Province of the Kingdom of Orfalia - part of Orfalia since 6 September 2026,yes,37.35,-1.51,very approximate (±25 km) - read off the red dot on the page's locator map; no town named,"South-east coast of Spain (Región de Murcia), per locator map; capital given only as 'Angelopolis'",https://micronations.wiki/wiki/Kingdom_of_Orfalia_(Imvrassian_Realm) | https://micronations.wiki/wiki/Administrative_divisions_of_Imvrassia | https://micronations.wiki/wiki/Empire_of_Imvrassia | https://micronations.wiki/wiki/Aglakea | https://micronations.wiki/wiki/File:OrfaliaMap.png (locator map in the Aglakea infobox),"Province of Aglakea, part of Orfalia since 6 September 2026 (confirmed by Emperor Aggelos). Formerly the state of Orfalia (2015); Exarchate of Imvrassia from 1 Dec 2016; Province status 25 Jul 2026."
Province of Eleftheria,nominal,Nominal Province of the Kingdom of Orfalia (Governor General: TBA),area,,,"country only - no seat, town or state named",United States (nominal),https://micronations.wiki/wiki/Kingdom_of_Orfalia_(Imvrassian_Realm) | https://micronations.wiki/wiki/Administrative_divisions_of_Imvrassia | https://micronations.wiki/wiki/Eleftheria,"Founded 2011; Exarchate of Imvrassia 26 May 2016; Province 16 Jun 2023. Infobox time zone UTC-8 and locator map of all North America; no specific place - the U.S. is tinted, no point plotted."
Kingdom of Tarevia (former state),former,"Former state, 2022 - dissolved 20 Apr 2026 (its provinces Anvurna and Temiria passed to Imvrassia)",towns,,,municipalities named by the source (Mazarrón and Cartagena),"Mazarrón and Cartagena, Región de Murcia, Spain",https://micronations.wiki/wiki/Kingdom_of_Tarevia | https://micronations.wiki/wiki/Province_of_Temiria | https://micronations.wiki/wiki/Province_of_Anvurna,Shown through its two named municipalities; no boundary drawn.
Mazarrón,town,Spanish municipality - named as a seat of the former Kingdom of Tarevia,yes,37.598,-1.315,town centre,"Mazarrón, Región de Murcia, Spain",https://micronations.wiki/wiki/Kingdom_of_Tarevia | OpenStreetMap Nominatim (geocode of the real place name),Reference town.
Cartagena,town,Spanish city - named as a seat of the former Kingdom of Tarevia,yes,37.616,-0.988,city centre,"Cartagena, Región de Murcia, Spain",https://micronations.wiki/wiki/Kingdom_of_Tarevia | OpenStreetMap Nominatim (geocode of the real place name),Reference town.
Timeria (former state),former,Former state (collapsed 2018); Temiria claims its heritage,no,,,no location in any source,'Spanish southeast' (Tarevia page); no place named,https://micronations.wiki/wiki/Kingdom_of_Tarevia | https://micronations.wiki/wiki/Province_of_Temiria | https://micronations.wiki/wiki/Aglakea,MicroWiki 'Timeria' now redirects to an unrelated page (Damuzia). Left off the map.
